"지수종류별(1)",2006. 01,2006. 02,2006. 03,2006. 04,2006. 05,2006. 06,2006. 07,2006. 08,2006. 09,2006. 10,2006. 11,2006. 12,2007. 01,2007. 02,2007. 03,2007. 04,2007. 05,2007. 06,2007. 07,2007. 08,2007. 09,2007. 10,2007. 11,2007. 12,2008. 01,2008. 02,2008. 03,2008. 04,2008. 05,2008. 06,2008. 07,2008. 08,2008. 09,2008. 10,2008. 11,2008. 12,2009. 01,2009. 02,2009. 03,2009. 04,2009. 05,2009. 06,2009. 07,2009. 08,2009. 09,2009. 10,2009. 11,2009. 12,2010. 01,2010. 02,2010. 03,2010. 04,2010. 05,2010. 06,2010. 07,2010. 08,2010. 09,2010. 10,2010. 11,2010. 12,2011. 01,2011. 02,2011. 03,2011. 04,2011. 05,2011. 06,2011. 07,2011. 08,2011. 09,2011. 10,2011. 11,2011. 12,2012. 01,2012. 02,2012. 03,2012. 04,2012. 05,2012. 06,2012. 07,2012. 08,2012. 09,2012. 10,2012. 11,2012. 12,2013. 01,2013. 02,2013. 03,2013. 04,2013. 05,2013. 06,2013. 07,2013. 08,2013. 09,2013. 10,2013. 11,2013. 12,2014. 01,2014. 02,2014. 03,2014. 04,2014. 05,2014. 06,2014. 07,2014. 08,2014. 09,2014. 10,2014. 11,2014. 12,2015. 01,2015. 02,2015. 03,2015. 04,2015. 05,2015. 06,2015. 07,2015. 08,2015. 09,2015. 10,2015. 11,2015. 12,2016. 01,2016. 02,2016. 03,2016. 04,2016. 05,2016. 06,2016. 07,2016. 08,2016. 09,2016. 10,2016. 11,2016. 12,2017. 01,2017. 02,2017. 03,2017. 04,2017. 05,2017. 06,2017. 07,2017. 08,2017. 09,2017. 10,2017. 11,2017. 12,2018. 01,2018. 02,2018. 03,2018. 04,2018. 05,2018. 06,2018. 07,2018. 08,2018. 09,2018. 10,2018. 11,2018. 12,2019. 01,2019. 02,2019. 03,2019. 04,2019. 05,2019. 06,2019. 07,2019. 08,2019. 09,2019. 10,2019. 11,2019. 12,2020. 01
"KRX 300",-,-,-,-,-,-,-,-,-,-,-,-,-,-,-,-,-,-,-,-,-,-,-,-,-,-,-,-,-,-,-,-,-,-,-,-,-,-,-,-,-,-,-,-,-,-,-,-,940.37,932.19,988.75,1017.31,958.83,987.66,1023.57,1010.28,1083.67,1086.79,1111.24,1204.22,1215.33,1140.79,1238.63,1286.54,1252.74,1223.06,1237.29,1086.63,1032.68,1117.76,1080.2,1066.71,1144.89,1188.33,1184.41,1170.65,1086.43,1089.05,1107.21,1114.82,1164.7,1110.92,1125.89,1167.28,1143.72,1186.63,1171.35,1138.47,1163.19,1078.4,1108.41,1117.36,1158.35,1183.54,1194.25,1170.71,1126.16,1150.13,1148.69,1138.99,1156.54,1159.15,1197.13,1185.75,1149.92,1118.49,1130.75,1090.42,1118.87,1131.85,1161.46,1205.73,1177.72,1158.04,1122.94,1071.96,1086.68,1140.37,1121.61,1104.94,1074.38,1075.93,1125.21,1121,1115.96,1113.15,1144.44,1161.4,1164.92,1152.2,1141.56,1169.18,1199.64,1211.33,1257.2,1287.23,1364.16,1398.54,1409.39,1383.91,1420.26,1501.13,1476.2,1481.26,1542.97,1456.18,1464.88,1499.68,1448.62,1395,1374.62,1393.26,1398.23,1218.34,1256.69,1215.06,1318.11,1312.51,1279.71,1317.85,1217.07,1267.97,1212.99,1177.09,1238.29,1260.41,1258.92,1336.59,1291.81
"KTOP 30",3368.33,3282.73,3261.2,3439.84,3197.63,3231.35,3195.5,3304.67,3404.08,3438.66,3603.8,3656.38,3513.63,3655.53,3774.31,4003.63,4431.2,4548.94,5030.62,5044.31,5411.79,5881.45,5565.55,5505.9,4647.41,4868.12,4904,5243.57,5289.3,4835.71,4631.97,4279.48,4371.04,3561.17,3404.45,3591.52,3615.79,3334.67,3715.25,4123.09,4215.1,4203.87,4716.89,4844.56,5165.33,4899.73,4903.2,5341.65,5039.76,5042.68,5299.04,5523.18,5232.37,5489.75,5767.26,5777.83,6133.43,6122.57,6254.54,6775.18,6886.08,6438.42,7127.39,7362.68,7211.14,7054.59,7145.33,6377.72,6104.66,6462.36,6320.76,6110.35,6522.22,6772.3,6799.52,6729.03,6326.85,6324.8,6455.07,6457.19,6756.58,6379.72,6407.83,6620.9,6439.02,6600.13,6424.41,6195.53,6354.98,5972.42,6265.7,6201.27,6640.29,6810.08,6973.92,6874.37,6436.94,6592.96,6533.77,6405.55,6534.55,6634.56,6685.04,6622.07,6421.46,6231.23,6435.98,6008.06,6186.13,6141.94,6368.69,6456.14,6290.72,6253.31,5762.38,5490.21,5754.72,6018.92,6035.73,5998.17,5856.36,5931.44,6222.74,6165.21,6102.27,6040.35,6175.36,6440.63,6504.37,6488.02,6388.98,6559.16,6654.95,6784.99,7020.22,6988.02,7518.68,7549.1,7643.84,7542.3,7650.99,8194.97,8018.45,8067.77,8478.73,8082.12,8099.67,8102.32,7683.26,7604.98,7520.19,7599.62,7552.24,6561.81,6737.94,6519.64,7074.37,7133.23,6796.86,6979,6499.91,6723.76,6539.82,6429.6,6693.82,6783.94,6823.68,7218.64,6986.3
"KRX 100",2842.02,2800.46,2825.1,2948.43,2738.29,2687.39,2708.73,2787.73,2835.48,2826.73,2949.26,2954.89,2833.33,2964.44,3027.96,3175.64,3447.58,3530.94,3868.68,3781.61,3942,4125.58,3844.22,3864.01,3356.25,3479.13,3515.86,3798.24,3827.23,3453.81,3294.16,3061.25,3015.65,2412.19,2290.8,2373.06,2450.59,2241.3,2544.02,2831.57,2865.05,2881.33,3273.48,3330.22,3551.16,3354.07,3320.96,3578.76,3392.2,3363.17,3553.54,3660.94,3445.68,3545.95,3702.42,3664.14,3925.7,3923.25,4030.42,4386.97,4401.2,4140.42,4513.09,4695.31,4577.09,4460.47,4482.1,3935.06,3759.01,4065.93,3925.77,3879.12,4170.33,4331.05,4344.1,4324.52,4020.82,4023.58,4090.77,4107.25,4282.75,4074.27,4120.49,4266.15,4193.87,4344,4262.29,4112.73,4221.74,3948.46,4083.18,4115.31,4276.5,4358.79,4407.24,4358,4174.76,4241.25,4231.65,4177.67,4227.8,4277.72,4425.04,4382.14,4232.86,4105.06,4142.46,3942.92,4022.31,4050.63,4108.15,4270.14,4173.97,4029.73,3920.02,3760.8,3809.19,3988,3937.91,3872.49,3764.41,3794.16,3943.69,3935.96,3905.11,3879.18,3968.64,4050.9,4070.09,4041.39,3986.8,4079,4184.12,4210.26,4358.48,4431.58,4737.61,4850.88,4901.55,4829.02,4957.04,5230.79,5126.39,5155.01,5319.89,5050.79,5069.13,5195.95,4967.95,4831.38,4808.26,4836.49,4829.11,4264.18,4367.55,4209.6,4594.85,4568.38,4451.24,4591.15,4258.37,4472.96,4319.32,4198.4,4426.07,4463.69,4481.09,4750.22,4607.7
"KRX 100 Equal Weighted",-,-,-,-,-,-,-,-,-,-,-,-,-,-,-,-,-,-,-,-,-,-,-,-,-,-,-,-,-,-,-,-,-,-,-,-,1011.57,937.44,1086.22,1258.01,1281.14,1268.1,1388.63,1411.44,1494.83,1427.72,1416.92,1506.72,1430.52,1443.55,1512.53,1531.99,1452.43,1529.38,1603.83,1625.98,1770.43,1758.48,1755.67,1891.67,1905.15,1769.82,1925.53,1986.38,1930.62,1947.67,2005.73,1821.61,1641.86,1777.48,1708.01,1672.9,1815.73,1872.07,1838.7,1741.36,1668.59,1685.76,1675.77,1744.36,1819.5,1732.12,1733.46,1799.46,1785.19,1833.47,1808.57,1746.76,1783.31,1675.51,1769.35,1720.53,1823.25,1844.8,1847.78,1857.19,1822.73,1820.85,1838.58,1820.63,1827.39,1863.43,1927.26,1972.64,1926.54,1831.22,1828.17,1738.65,1782.36,1832.29,1856.96,1974.93,1946.8,1899.05,1865.84,1820.66,1817.23,1845.2,1846.39,1805.29,1794.93,1777.11,1821.17,1850.7,1811.69,1757.79,1783.75,1765.62,1785.84,1724,1684.63,1732.55,1742.24,1800.23,1824.11,1867.94,2024.3,2019.23,2031.1,1990.28,1966.53,2053.5,2086.56,2087.87,2190.57,2044.11,2053.16,2089.68,2012.03,1976.22,1932.15,1940.36,1985.55,1722.86,1827.35,1805.45,1881.96,1923.84,1873.68,1908.13,1765.88,1805.5,1698.88,1640.93,1694.23,1694.47,1704.59,1758.35,1646.32
"KRX 자동차",866.31,831.01,830.67,826.65,737.41,756.98,704.34,776.6,802.26,774.63,760.45,743.48,666.24,694.9,705.49,675.88,743.61,797.7,900.93,848.89,832.86,776.21,734.15,749.06,696.96,658.43,718.41,795.66,778.49,697.12,709.33,714.21,742.21,558.47,447.04,447.93,478.41,477.17,541.11,678.35,717.71,733.26,853.91,948.34,1041.34,1009.19,950.48,1104.17,1002.25,1048.35,1085.24,1243.25,1339.53,1394.1,1376.23,1372.57,1608.4,1746.39,1765.43,1812.81,1813.37,1841.78,2205.2,2524.6,2578.42,2570.21,2558.39,2285.02,2323.58,2383.09,2295.45,2215.44,2220.71,2234.91,2282.33,2524.19,2364.76,2292.91,2337.77,2328.94,2329.89,2068.99,2126.06,2067.84,1946.37,2105.96,2139.04,1957.4,2141.76,2185.21,2219.37,2311.04,2336.27,2361.57,2357.09,2236.53,2237.58,2294.8,2350.7,2231.35,2229.53,2236.97,2338.2,2299.98,2064.84,1962.32,1994.57,1912.71,1872.84,1814.4,1808.88,1850.48,1747.26,1592.49,1604.25,1612.96,1783.7,1819.08,1791.93,1807.53,1711.94,1777.47,1814.31,1806.64,1801.64,1732.21,1755.33,1777.68,1824.11,1770.55,1648.17,1742.5,1647.79,1733.28,1706.86,1611.07,1814.08,1777.82,1715.09,1666.41,1674,1785.78,1791.13,1740.06,1733.14,1692.21,1576.07,1629.77,1463.24,1412.53,1475.04,1464.96,1521.94,1265.46,1284.72,1350.81,1498.3,1486.88,1400.15,1611.67,1465.41,1561.14,1516.3,1522.75,1573.09,1479.67,1482.09,1508.51,1406.43
"KRX 반도체",1043.74,1011.77,937.43,1021.06,971.42,896.65,945.25,1016.12,1075.64,1012.47,1048.27,1024.05,889.76,954.38,1015.97,1079.39,1205.17,1297.08,1437.15,1437.57,1453.88,1292.56,1197.55,1158.02,1097.94,1141.41,1253.57,1326.1,1403.41,1154.95,996.43,887.45,891.65,702.69,653.03,639.95,726.43,756.33,984.47,1096.11,1138.87,1115.02,1246.8,1438.33,1491.28,1397.18,1398.96,1563.97,1452.26,1394.3,1609.38,1748.46,1705.01,1735.9,1684.18,1574.39,1668.01,1630.38,1668.62,1747.61,1846.15,1745.17,1835.29,1806.4,1660.81,1578.78,1561.95,1282.72,1273.18,1444.43,1444.29,1435.34,1560.92,1696.88,1666.3,1642.89,1526.31,1555.41,1520.99,1485.9,1504.99,1468.92,1514.38,1589.73,1533.93,1658.77,1708.84,1742.47,1840.25,1675.49,1649.6,1655.46,1721.85,1781.03,1786.18,1737.83,1786.37,1827.08,1810.52,1876.66,1904.63,1876.94,1793.53,1802.23,1715.37,1767.98,1805.17,1876.74,1915.8,1949.8,1973.44,1974.19,2026.9,1891.56,1783.36,1665.26,1588.81,1659.68,1651.6,1709.43,1578.52,1654.25,1677.82,1672.62,1689.82,1776.82,1962.26,1923.26,1989.94,1900.34,1869.45,2058.43,2125.71,2011.39,2104.82,2233.89,2367.35,2594.11,2573.84,2587.95,2748.89,2821.95,2788.93,2783.8,2715.19,2715.55,2672.72,2636.26,2732.06,2481.92,2562.04,2467.13,2261.15,1971.91,1922.28,1749.01,2030.85,2094.22,2158.24,2328.78,2015.15,2065.03,2044.07,1999.93,2193.36,2319.98,2277.75,2703.65,2599.12
"KRX 헬스케어",946.18,960.45,934,894.77,839.89,788.31,793.49,864.77,854.93,886.98,997.86,1014.66,877.64,904.73,916.08,918.9,1106.22,1131.26,1294.69,1321.58,1261.92,1235.89,1256.77,1296.43,1177.26,1231.85,1214.32,1320.19,1210.97,1215.53,1128.15,1084.32,1000.88,754.58,894.47,965.7,954.21,975.84,1070.13,1107.6,1018.44,1069.83,1111.05,1136.51,1119.66,1142.6,1059.22,1139.01,1072.32,1077.63,1124.61,1072.56,1017.27,1074.7,1039.73,1131.9,1191.42,1153.55,1202.24,1290.79,1237.52,1157.09,1221.77,1223.33,1161.81,1285.29,1476.03,1337.32,1287.68,1350.64,1287.96,1302.64,1307.33,1157.08,1160.37,1071.48,1153.7,1245.72,1242.48,1327.31,1390.15,1451.69,1374.58,1430.82,1509.6,1569.96,1636.79,1532.21,1467.58,1397.85,1728.4,1474.99,1561.2,1544,1511.18,1442.52,1544.95,1602.77,1492.33,1565.58,1525.5,1499.29,1390.38,1391.3,1521.12,1498.13,1435.21,1451.68,1530.27,1775.76,1996.36,2318.35,2453.89,2990.62,2781.98,2671.04,2484.96,2682.21,2976.13,2940.49,3373.02,3053.44,3163.21,2992.26,3119.92,3122.22,3064.43,2954.6,2875.47,2417.04,2324.29,2434.37,2264.69,2371.16,2312.39,2384.99,2603.41,2728.17,2628.88,2727.56,2838.76,3139.54,3592.75,3845.25,4759.7,4650.91,4635.74,4288.33,4212.27,4163.38,3768.19,4131.34,4378.2,3202.59,3552.81,3571.79,3607.18,3640.64,3414.25,3529.77,3085.38,3030.19,2691.34,2476.42,2431.33,2843.84,2677.91,2915.31,2729.2
"KRX 은행",996.85,947.59,1044.95,1081.42,995.03,997.46,1039.95,984.92,979.48,990.04,1015.29,1048.69,1042.34,1137.81,1142.62,1131.83,1135.63,1118.18,1204.87,1124.49,1122.8,1096.83,995.03,1072.28,983.44,947.45,929.35,1089.33,1017.7,942.63,894.93,915.17,765.74,514.93,495.01,506.95,544.78,440.36,488.17,593.6,651.71,671.81,856.97,830.09,972.21,946.13,915.78,915.57,839.71,831.95,907,930.49,839.71,853.64,904.21,849.78,874.48,869.93,902.62,1013.7,965.77,933.73,994.02,997.54,909.63,908.9,934.16,808.22,747.49,807.31,746.86,704.04,791.14,796.89,820.95,752.52,724.17,741.25,708.95,695.92,728.07,692.87,674.29,727.85,770.67,799.81,771.89,722.84,760.77,689.17,738.67,724.22,773.83,834.53,803.65,853.67,802.49,815.72,796.32,762.81,761.93,772.87,865.15,889.65,826.31,826.2,764.61,709.36,696.46,709.59,699.02,748.13,727.1,690.86,683.3,653.6,657.65,682.8,636.92,598.17,567.45,555.87,608.04,634.27,613.74,581.09,631.53,662.87,652.28,725.27,715.33,719.4,753.23,761.2,779.76,817.79,853.35,930.29,990.25,942.96,919.94,918.83,912.52,936.86,999.03,957.45,890.17,929.79,835.65,848.63,864.18,839.43,868.69,789.61,779.08,757.7,787.26,767.35,728.91,756.98,745.65,765.32,721.66,670.92,709.77,685.09,710.66,723.56,652.89
"KRX 에너지화학",-,-,-,-,-,-,-,-,-,-,-,-,987.7,1031.15,1117.66,1297.26,1526.1,1518.83,1743.95,1683.09,1889.76,2230.43,1990.16,1858.54,1395.54,1634.05,1480.6,1631.29,1667.25,1520.71,1514.71,1310.45,1350.11,1010.16,975.55,1037.52,1111.9,1055.84,1189.37,1357.53,1400.57,1340.31,1401.63,1501.47,1632.44,1481.79,1508.69,1617.3,1488.02,1546.13,1656.31,1800.65,1697.67,1879.59,2009.04,2214.4,2318.26,2380.6,2525.5,2700.73,3055.38,2730.35,3372.74,3688.03,3641.38,3334.42,3431.59,2754.49,2260.04,2571.22,2387.29,2261.49,2629.63,2714.32,2502.15,2177.26,2089.01,2095.26,2193.99,2236.94,2347.47,2186.19,2200.71,2326.63,2222.8,2213.31,2057.99,1935.02,1965.58,1783.14,1957.06,1959.36,2079.35,2108.81,2067.21,2075.7,1901.54,1910.76,1845.95,1820.16,1762.7,1880.58,1852.98,1739.91,1620.69,1460.57,1488.08,1437.51,1555.83,1701.62,1694.76,1968.96,1885.61,1986.86,1837.95,1725.03,1839.58,1939.16,2013.45,2044.43,1982.76,2085.26,2306.66,2131.76,2077.14,1947.64,1982.77,1992.49,2046.47,2010.16,1996.71,2120.15,2127.52,2151.06,2252.58,2214.05,2395.06,2324.23,2516.97,2669.09,2648.62,2674.11,2733.39,2764.26,2909.68,2792.1,2749.69,2649.22,2577.94,2498.45,2566.83,2512.29,2532.19,2314.88,2301.52,2224.68,2369.95,2425.52,2276.56,2258.74,2108.42,2151.03,2116.76,2055.29,2042.66,2035.11,1976.01,2060.15,1896.64
"KRX 철강",-,-,-,-,-,-,-,-,-,-,-,-,956.29,1017.71,1116.17,1229.55,1483.62,1434.84,1769.01,1853.92,1980.56,2051.16,1792.28,1774.42,1492.12,1676.15,1514.44,1665.51,1789.9,1758.82,1734.45,1417.84,1358.04,920.23,933.68,1039.43,1046,953.57,1143.58,1334.76,1415.53,1385.65,1578.27,1568.22,1641.68,1661.17,1714.63,1836.38,1645.13,1689.07,1750.72,1746.4,1665.94,1745.55,1885.47,1975.66,2226.39,2075.5,2143.99,2317.11,2391.86,2399.57,2711.93,2822.99,2726.09,2838.47,2913.44,2636.47,2161.11,2335.1,2212.15,2110.71,2419.31,2531.81,2318.49,2210.29,2036.87,2100.05,2121.76,2199.36,2350.93,2131.67,2089.96,2149.25,2030.43,2036.29,1934.3,1841.97,1895.97,1716.44,1853.73,1924.25,2026.38,1987.91,1920.8,1980.43,1886.74,1819.51,1868.3,1909.87,1960.93,2035.3,2200.56,2189.27,2119.77,1976.05,1994.01,1876.98,1901.15,1912.38,1891.04,2041.8,2038.75,1975.44,1766.5,1726.02,1631.02,1657.78,1579.89,1576.24,1516.25,1658.83,1765.06,1897.7,1651.27,1630.46,1756.81,1734.89,1734.44,1694.41,1785.27,1868.5,1933.95,1934.76,1926.74,1832.29,1945.72,2043.4,2190.83,2179.37,2001.16,2053.17,2056.06,2052.96,2168.37,2041.9,1902.53,1997.26,1864.74,1704.5,1712.65,1720.48,1753.42,1420.59,1492.1,1482.16,1606.56,1609.38,1550.73,1559.37,1448.1,1511.39,1387.34,1307.79,1340.71,1235.84,1223.52,1266.28,1180.82
"KRX 방송통신",-,-,-,-,-,-,-,-,-,-,-,-,920.09,928.49,941.74,960.66,983.25,1013.65,1015.9,1008.56,1039.4,1037.65,1131.84,1103.45,1030.63,968.81,975.54,975.62,987.99,934.55,913.21,959.55,933.31,822.71,872.44,896.65,889.71,817.21,829.91,852.32,803.66,806.5,861.79,831.18,867.95,858.69,821.41,841.72,913.06,851.01,876.91,901.6,855.3,847.14,832.78,816.9,856.36,840.67,851.55,855.66,805.36,763.84,778.51,773.81,759.57,774.58,761.61,738.58,756.78,768.4,760.33,751.97,711.3,719.6,702.44,671.1,631.44,645.98,693.02,745.11,779.52,784.77,772.98,772.3,817.04,850.69,855.8,936.03,966.09,922.67,971.91,946.04,927.34,938.64,898.86,901.07,892.65,870.06,867.06,890.66,850.21,856.23,892.38,959.21,983.39,884.71,911.61,896.85,932.47,960.19,957.25,996.11,936.86,965.55,1007.05,989.58,1033.53,987.55,985.07,956.39,948.94,941.97,909.95,923.07,958.16,905.53,931.64,898.35,929.23,914.15,860.74,901.46,936.71,947.28,1021.57,1001.22,1043.14,1036.34,1072.9,975.77,942.48,965.79,983.48,1026.46,1031.53,950.84,949.64,943.7,933.04,992.02,1023.02,1042.82,1123.71,993.54,1070.69,1002.35,976.7,981.87,953.48,925.62,882.6,892.27,829.84,816.69,832.47,806.24,824.04,835.5,795.6
"KRX 건설",-,-,-,-,-,-,-,-,-,-,-,-,947.31,1045.18,1081.66,1242.7,1606.31,1534.67,1770.61,1767.6,1868.8,2202.82,1897.83,1902.26,1436,1759.81,1663.95,1591.11,1585.94,1326.29,1233.38,1009.14,1094.71,722.64,655.54,755.69,822.8,692.63,827.68,982.88,999.76,934.68,1023.26,1030.83,1061.67,1051.14,1049.91,1120.95,1051.74,1042.37,1066.33,957.35,866.32,926.58,970.98,988.61,1118.5,1195.42,1193.57,1289.81,1352.07,1143.72,1258.05,1328.91,1260.87,1340.31,1381.49,1203.02,1081.09,1155.48,1096.77,1087.56,1179.72,1272.16,1248.75,1099.66,1027.34,1005.04,971.42,1012.45,1044.52,886.82,902.64,950.12,938.16,938.96,906.13,730.87,806.26,711.05,734.95,732.5,787.83,758.3,729.02,706.18,702.45,745.82,733.08,744.48,719.64,752.34,799.59,777.27,743.39,668.4,626.2,583.76,600.95,691.07,710.26,736.65,703.28,695.76,666.76,621.05,619.78,577.07,549.48,530.75,573.24,523.01,585.82,628.87,556.72,522,574.91,583.83,595.16,577.83,531.84,558.99,557.79,580.17,585.24,584.66,631.82,610.45,605.39,564.86,534.23,556.81,558.25,560.87,645.21,574.93,593.44,701.79,743.12,649.14,654.6,667.45,719,571.24,639.46,642.57,680.25,646.85,632.03,635.85,606.31,634.1,555,536.08,560.6,539.6,529.61,541.07,494.47
"KRX 증권",-,-,-,-,-,-,-,-,-,-,-,-,-,-,-,-,-,-,-,-,-,-,-,-,-,-,-,-,1097.22,970.74,944.07,855.9,908.16,663.76,642.56,706.44,808.33,672.32,818.68,942.52,951.39,912.29,1075.83,1023.46,961.74,849.36,836.14,893.15,844.59,834.57,849.22,851.73,769.35,790.49,883.14,852.62,953.02,939.84,884.01,1066.88,1041.32,923.67,933.38,968.08,830.3,836.87,880.53,744.12,609.61,671.57,596.41,605.28,736.83,769.96,735.35,644.79,616.67,606.95,591.44,612.54,664.36,599.21,607.59,663.3,677.45,703.74,676.46,655.42,667.63,597.3,595.56,552.38,586.44,585.56,563.91,550.05,536.67,531.08,529.92,538.14,537.38,552.33,652.71,690.06,661.78,675.24,688.68,617.85,657.7,697.27,795.22,932.33,843.67,824.77,770.81,701.33,669.83,669.47,630.63,607.39,545.51,552.03,585.69,596.79,559.35,548.05,615.03,564.93,555.95,551.62,526.3,534.05,596.39,607.39,622.72,642.63,714.11,793.82,775.59,723.05,681.21,699.76,727.48,712.53,873.57,773.55,769.13,809.7,805.53,727.55,664.37,673.35,702,570.32,640.24,598.87,655.1,645.57,636.65,676.4,664.6,728.13,666.59,638.78,656.54,616.24,634.76,648.33,592.72
"KRX 기계장비",-,-,-,-,-,-,-,-,-,-,-,-,-,-,-,-,-,-,-,-,-,-,-,-,-,-,-,-,2947.34,2498.35,2489.49,1905.07,1951.72,1132.76,1165.73,1350.49,1567.11,1305.64,1482.01,1796.89,1694.69,1571.36,1707.46,1534.41,1392.93,1247.11,1146.14,1311.12,1339.68,1443.65,1624.47,1654.96,1400.91,1483.83,1666.53,1734.81,2100.64,2345.61,2236.86,2662.35,2861.19,2444.4,2620.26,3028.36,2850.46,2811.13,2493.89,1996.7,1614.39,1831.46,1664.03,1532.58,1824.71,2132.93,1913.89,1857.96,1653.18,1624.2,1590.13,1536.57,1611.74,1440.58,1443.26,1584.32,1530.4,1533.4,1450.47,1356.53,1368.09,1326.46,1541.96,1572.58,1790.03,1729.44,1817.46,1746.07,1629.85,1555.54,1536.55,1401.84,1388.2,1296.26,1199.18,1170.48,1065.33,894.11,925.32,867.94,866.98,919.87,894.06,955.56,885.13,772.54,632.36,579.66,616.44,642.14,582.78,535.34,544.32,556.92,590.45,633.77,588.23,563.43,645.72,651.89,636.04,618.19,596.49,621.64,615.79,655.97,667.65,669.64,680.42,687.12,666.62,632.52,616.54,643.22,620.48,535.2,643.81,593.81,598.76,613.78,630.26,546.8,543.62,561.04,617.54,508.04,550.04,535.43,580.94,558.52,511.72,517.8,484.76,502.76,458.25,459.81,488.43,465.86,457.3,472.9,423.54
"KRX 보험",-,-,-,-,-,-,-,-,-,-,-,-,-,-,-,-,-,-,-,-,-,-,-,-,-,-,-,-,-,-,-,-,-,-,-,-,895.8,868.73,973.63,1155.72,1154.76,1210.43,1326.79,1469.83,1514.65,1480.81,1343.31,1321.36,1292.05,1301.38,1299.34,1373.43,1289.51,1407.88,1466.74,1369.36,1369.88,1399.31,1341.77,1500.52,1554.9,1506.94,1594.4,1531.56,1442.89,1613.91,1600.64,1483.23,1421.63,1482.13,1496,1479.9,1483.31,1500.28,1547.29,1477.93,1434.7,1431.28,1387.56,1514.93,1565.27,1573.95,1490.79,1513.64,1549.89,1530.74,1498.67,1504.9,1550.38,1521.3,1553.17,1545.67,1553.4,1577.74,1635.28,1668.81,1619.65,1551.13,1575.45,1552.52,1570.7,1554.35,1666.32,1689.68,1670.1,1750.96,1782.05,1707.48,1669.56,1577.71,1534.73,1683.99,1748.87,1748.76,1761.41,1655.94,1717.81,1874.04,1775.04,1845.2,1776.66,1768.12,1853.59,1777.25,1726.27,1626.73,1605.55,1660.74,1697.77,1768.77,1812.37,1686.01,1642.38,1646.79,1686.08,1743.69,1850.24,1842.78,2023.88,1956.35,1904.31,1999.46,1941.78,1936.17,2038.03,1919,1793.49,1775.04,1648.03,1632.22,1662.21,1600.83,1716.5,1629.38,1578.93,1562.09,1578.65,1645.33,1617.62,1621.07,1452.63,1423.08,1329.62,1189.03,1223.5,1196.01,1262.75,1262.9,1106.4
"KRX 운송",-,-,-,-,-,-,-,-,-,-,-,-,-,-,-,-,-,-,-,-,-,-,-,-,-,-,-,-,-,-,-,-,-,-,-,-,964.49,840.54,931.45,1014.87,1051.66,992.1,1070.42,1086.76,1122.83,1043.45,1057.05,1121.96,1137.12,1173.59,1296.5,1342.35,1322.95,1544.77,1448.74,1425.44,1675.31,1530.05,1569.05,1534.78,1512.9,1336.1,1435.9,1349.71,1318.46,1328.17,1324.75,1220.38,1010.45,1132.64,1018.7,1008.52,1139.6,1191.95,1175.34,1109.85,1008.47,1079.56,1064.38,1108.19,1111.02,1087.46,1019.56,1044.24,1018.34,965.87,878.48,769.14,792.31,769.67,779.58,801.01,830.13,779.61,722.27,741.91,797.38,802.15,783.65,756.48,776.73,784.91,806.88,898.73,885.36,887.59,917.72,980.2,978.74,989.23,986.59,987.63,937.9,834.9,776.59,760.45,798.6,739.7,687.65,678.04,668.73,634.54,664.76,635.73,629.46,597.6,611.72,646.39,658.19,616.29,598.43,561.49,555.9,611.42,631.06,629.79,710.47,749.28,711.83,693.63,645.91,640.93,615.28,580.96,637.51,599.7,616.98,671.4,612.63,542.64,564.13,546.91,575.56,517.89,588.45,586.66,607.8,611.21,559.63,656.23,641.72,595.45,558.43,561.03,550.99,561.66,575.98,597.33,560.83
"KRX 경기소비재",-,-,-,-,-,-,-,-,-,-,-,-,-,-,-,-,-,-,-,-,-,-,-,-,-,-,-,-,-,-,-,-,-,-,-,-,-,-,-,-,-,-,-,-,-,-,-,-,891.75,902.4,924,932.09,898.62,931.42,972.94,996.7,1089.3,1089.36,1089.65,1133.73,1111.44,1037.87,1081.31,1096.59,1154.11,1134.41,1181.43,1123.83,1071.6,1117.78,1089.76,1086.04,1163.07,1150.86,1136.49,1072.55,1026.97,1001.55,957.65,1060.57,1078.8,1099.19,1150.06,1142.25,1172.43,1209.89,1251.79,1312.81,1300.44,1233.76,1246.98,1196.94,1247.76,1282.84,1333.01,1330.57,1329.67,1290.42,1307.34,1326.73,1343.39,1354.27,1433.87,1500.39,1462.95,1371.07,1325.67,1273.06,1301.25,1325.29,1356.51,1430.19,1471.7,1403.58,1458.5,1476.35,1434.81,1369.48,1319.11,1287.18,1318.66,1343.18,1315.45,1336.21,1285.16,1231.27,1167.03,1148.04,1155.04,1118.56,1060.62,1084.86,1067.76,1150.25,1188.33,1215.05,1322.02,1293.1,1233.21,1239.04,1207.63,1308.15,1383.76,1412.44,1436.25,1325.64,1429.68,1503.61,1489.19,1410.48,1284.18,1360.49,1375.19,1153,1274.57,1212.71,1254.83,1325.73,1389.26,1421.5,1305.94,1261.04,1128.31,1096.7,1166.81,1262.44,1222.46,1250.52,1134.07
"KRX 필수소비재",-,-,-,-,-,-,-,-,-,-,-,-,-,-,-,-,-,-,-,-,-,-,-,-,-,-,-,-,-,-,-,-,-,-,-,-,-,-,-,-,-,-,-,-,-,-,-,-,963.21,937.37,966.09,929.34,950.67,1009.42,1023.77,1047.39,1114.93,1064.88,1053.99,1102.47,1047.4,979.26,1046.38,1111.24,1143.28,1143.15,1194.49,1174.03,1155.69,1182.03,1204.16,1207.91,1188.56,1194.77,1279.33,1288.59,1278.44,1302.14,1276.12,1367.4,1414.65,1446.48,1445.69,1452.57,1404.6,1418.65,1418.81,1450.68,1374.28,1275.62,1328.85,1230.34,1325.46,1328.86,1346.61,1352.38,1316.22,1354.79,1362.76,1392.15,1436.55,1485.84,1581.74,1672.56,1723.78,1686.33,1724.92,1565.98,1720.7,1768.26,1989.53,2114.22,2204.7,2244.29,2341.67,2262.21,2260.83,2219.19,2267.33,2281.63,2274.94,2083.86,2119.17,2247.16,2301.82,2345.1,2146.12,2050.86,2120.43,1937.11,1861.38,1852.25,1872.05,1898.44,1819.1,1911.46,2128.18,2019.61,1968.96,1938.73,1817.68,2006.25,2106.05,2060.22,2056.22,1935.35,1990.16,2096.17,2017.56,2075.29,1865.14,1830.71,1840.7,1540.51,1646.67,1655.62,1670.53,1725.94,1756.18,1761.22,1591.96,1589.68,1488.3,1437.64,1514.56,1558.1,1557.95,1558.72,1495.39
"KRX IT소프트웨어",-,-,-,-,-,-,-,-,-,-,-,-,-,-,-,-,-,-,-,-,-,-,-,-,-,-,-,-,-,-,-,-,-,-,-,-,-,-,-,-,-,-,-,-,-,-,-,-,896.96,950.14,955.35,993.35,1014.07,1053.64,1030.98,1055.5,1132.29,1151.84,1093.06,1084.06,1046.41,1047.62,1092.49,1168.16,1149.55,1178.37,1334.8,1373.21,1415.19,1472.68,1445.24,1303.93,1324.28,1306.22,1323.4,1230.38,1182.19,1251.45,1220.88,1304.87,1285.58,1181.53,1105.31,1077.8,1062.74,1118.5,1141.69,1175.63,1201.5,1114.98,1160.07,1108.37,1228.4,1252.85,1371.65,1395.06,1289.4,1404.33,1435.1,1384.03,1391.78,1468.62,1423.02,1576.76,1663.9,1675.85,1612.4,1574.15,1769.18,1633.88,1635.56,1661.89,1600.52,1676.94,1737.55,1666.86,1584.19,1595.5,1637.21,1597.53,1533.81,1459.19,1462.57,1477.48,1532.86,1418,1447.37,1495.04,1532.93,1452.55,1379.9,1360.58,1383.82,1421.43,1526.27,1575.09,1681.45,1735.49,1725.64,1708.31,1859.45,1997.98,1925.27,2027.66,2113.87,1908.71,2012.47,1834.17,1774,1799.65,1756.2,1775.31,1764.31,1519.96,1708.71,1603.28,1616.06,1659.74,1664.75,1726.89,1626.29,1657.85,1585.04,1658.3,1679.82,1711.29,1736.36,1821.08,1850.66
"KRX IT하드웨어",-,-,-,-,-,-,-,-,-,-,-,-,-,-,-,-,-,-,-,-,-,-,-,-,-,-,-,-,-,-,-,-,-,-,-,-,-,-,-,-,-,-,-,-,-,-,-,-,919.49,895.86,1002.02,1139.89,1111.12,1123.92,1052.16,961.24,1017.58,1045.67,1041.78,1061.19,1045.75,1020.23,988.64,998.07,917.93,839.82,846.49,695.83,652.59,757.13,787.32,793.49,856.93,894.49,864.92,885.79,816.86,846.82,834.76,850.27,867.69,854.96,934.28,888.7,839.93,885.47,918.17,926.76,968.33,866,888.23,894.05,903.08,868.6,841.34,797.76,763.5,762.12,805.22,799.26,758.23,783.18,790.52,778.89,717.18,679.92,745.32,725.97,790.02,810.37,830.57,757,712.94,673.99,622.36,638.23,682.01,699.37,737.09,706.47,629.23,653.63,684.91,666.08,681.26,680.87,738.88,739.19,690.24,676.77,688.07,748.04,785.62,787.85,863.27,879.19,958.8,1062.07,1001.58,1069.26,1071.98,1104.24,1126.76,1098.11,1105.95,1015.36,1042.78,1040.39,1088.48,1079.81,1138.8,1172.47,1120.88,986.17,950.93,902.91,1006.69,1019.27,1010.42,1055.12,949.22,1004.75,1004.66,985.48,1030.77,1058.67,1050.78,1159.95,1176.64
"KRX 유틸리티",-,-,-,-,-,-,-,-,-,-,-,-,-,-,-,-,-,-,-,-,-,-,-,-,-,-,-,-,-,-,-,-,-,-,-,-,-,-,-,-,-,-,-,-,-,-,-,-,1047.11,1029.87,1008.91,988.52,945.07,926.73,934.4,906,960.9,998.1,937.81,981.78,962.03,930.53,939.82,916.15,945.94,943.5,979.18,906.32,825.28,903.88,883.89,930.01,958.43,934.92,900.59,883.62,865.41,897.3,925.14,1026.33,1144.08,1173.6,1257.38,1229.68,1195.58,1237.7,1268.5,1363.07,1199.89,1157.65,1244.83,1221.67,1270.61,1274.05,1332.29,1348.97,1329.34,1380.03,1377.07,1432.44,1392.25,1377.91,1501.43,1455.94,1468.76,1425.84,1413.35,1331.27,1281.98,1277.53,1286.19,1371.71,1456.23,1360.85,1349.13,1286.75,1299.62,1302.63,1253.35,1218.78,1180.25,1257.92,1309.95,1344.92,1341.63,1318.01,1347.52,1312.75,1301,1245.76,1209.4,1258.95,1200.32,1214.48,1217.16,1227.4,1289.93,1333.51,1289.37,1227.7,1149.25,1137.49,1208.74,1177.63,1254.82,1228.01,1231.37,1306.4,1300.24,1317.55,1271.05,1176.16,1229.39,1119.86,1157.72,1145.5,1216.39,1196.65,1134.4,1111.47,1042.95,1050.12,1064.45,977.83,991.8,976.26,1047.7,1045.49,946.37
